{
  "caminado atras": {
    "precision": 0.8888888888888888,
    "recall": 1.0,
    "f1-score": 0.9411764705882353,
    "support": 16.0
  },
  "caminando adelante": {
    "precision": 0.7428571428571429,
    "recall": 1.0,
    "f1-score": 0.8524590163934426,
    "support": 26.0
  },
  "girando": {
    "precision": 0.7916666666666666,
    "recall": 0.8636363636363636,
    "f1-score": 0.8260869565217391,
    "support": 22.0
  },
  "parado": {
    "precision": 1.0,
    "recall": 0.2222222222222222,
    "f1-score": 0.36363636363636365,
    "support": 9.0
  },
  "parandose": {
    "precision": 0.8,
    "recall": 0.5714285714285714,
    "f1-score": 0.6666666666666666,
    "support": 14.0
  },
  "sentado": {
    "precision": 0.6923076923076923,
    "recall": 0.8181818181818182,
    "f1-score": 0.75,
    "support": 11.0
  },
  "sentandose": {
    "precision": 1.0,
    "recall": 0.6,
    "f1-score": 0.75,
    "support": 10.0
  },
  "accuracy": 0.7962962962962963,
  "macro avg": {
    "precision": 0.8451029129600558,
    "recall": 0.7250669964955679,
    "f1-score": 0.7357179248294925,
    "support": 108.0
  },
  "weighted avg": {
    "precision": 0.8219311038755484,
    "recall": 0.7962962962962963,
    "f1-score": 0.7754882556035199,
    "support": 108.0
  }
}