{
  "caminado atras": {
    "precision": 0.8888888888888888,
    "recall": 1.0,
    "f1-score": 0.9411764705882353,
    "support": 16.0
  },
  "caminando adelante": {
    "precision": 0.8571428571428571,
    "recall": 0.9230769230769231,
    "f1-score": 0.8888888888888888,
    "support": 26.0
  },
  "girando": {
    "precision": 0.7037037037037037,
    "recall": 0.8636363636363636,
    "f1-score": 0.7755102040816326,
    "support": 22.0
  },
  "parado": {
    "precision": 0.75,
    "recall": 0.3333333333333333,
    "f1-score": 0.46153846153846156,
    "support": 9.0
  },
  "parandose": {
    "precision": 0.8571428571428571,
    "recall": 0.8571428571428571,
    "f1-score": 0.8571428571428571,
    "support": 14.0
  },
  "sentado": {
    "precision": 0.8181818181818182,
    "recall": 0.8181818181818182,
    "f1-score": 0.8181818181818182,
    "support": 11.0
  },
  "sentandose": {
    "precision": 1.0,
    "recall": 0.6,
    "f1-score": 0.75,
    "support": 10.0
  },
  "accuracy": 0.8240740740740741,
  "macro avg": {
    "precision": 0.8392943035800179,
    "recall": 0.7707673279101851,
    "f1-score": 0.7846341000602706,
    "support": 108.0
  },
  "weighted avg": {
    "precision": 0.8309205369390554,
    "recall": 0.8240740740740741,
    "f1-score": 0.8137500489274532,
    "support": 108.0
  }
}